algorithm,mean_query_qps,mean_insert_qps,mean_latency_ms,p50_latency_ms,p95_latency_ms,p99_latency_ms,first10_query_latency_ms,last10_query_latency_ms,growth_last10_over_first10
GammaFresh + FaissHNSW backend,2977.06,24801.42,33.59,35.32,41.14,49.61,20.27759552001953,38.221073150634766,1.8848917818140773
FaissHNSW,19657.36,10022.29,5.09,6.7,7.61,8.15,3.1087398529052734,6.139516830444336,1.9749213896771225
