family,algo_label,avg_query_qps,avg_recall,datasets
FreshDiskANN,FreshDiskANN,13602.80510503598,0.91141498,3
FreshDiskANN,FreshDiskANN-BriskSeed,24498.538354408916,0.906728580952381,3
HNSW,HNSW,13419.788946861698,0.788785083809524,3
HNSW,HNSW-BriskSeed,29121.803668703407,0.8323212323809525,3
SymphonyQG,SymphonyQG,7255.846007596505,0.6149735980952381,3
SymphonyQG,SymphonyQG-BriskSeed,25341.920188170137,0.58110094,2
